translation,reference,offset,kind,before,after,count,siblings
ASV,Gen 35:22,138,punctuation,of it.Now the,of it. Now the,0,5
ASV,Num 21:18,115,punctuation,their staves.And from,their staves. And from,0,6
ASV,Deut 2:8,136,punctuation,Ezion -geber.And we,Ezion -geber. And we,0,2
ASV,Josh 10:13,104,punctuation,their enemies.Is not,their enemies. Is not,0,9
ASV,1 Sam 4:1,42,punctuation,all Israel.Now Israel,all Israel. Now Israel,0,7
ASV,1 Sam 13:15,69,punctuation,of Benjamin.And Saul,of Benjamin. And Saul,0,10
ASV,2 Sam 2:4,86,punctuation,of Judah.And they,of Judah. And they,0,9
ASV,2 Sam 3:34,126,punctuation,thou fall.And all,thou fall. And all,0,3
ASV,2 Sam 12:15,35,punctuation,his house.And Jehovah,his house. And Jehovah,0,8
ASV,2 Sam 19:8,166,punctuation,the king.Now Israel,the king. Now Israel,0,4
ASV,2 Sam 20:10,177,punctuation,he died.And Joab,he died. And Joab,0,4
ASV,2 Kgs 2:12,103,punctuation,horsemen thereof!And he,horsemen thereof! And he,0,2
ASV,2 Kgs 4:25,58,punctuation,mount Carmel.And it,mount Carmel. And it,0,7
ASV,2 Kgs 24:20,123,punctuation,his presence.And Zedekiah,his presence. And Zedekiah,0,2
ASV,1 Chr 1:51,15,punctuation,Hadad died.And the,Hadad died. And the,0,3
ASV,1 Chr 29:22,69,punctuation,great gladness.And they,great gladness. And they,0,5
ASV,2 Chr 4:11,57,punctuation,the basins.So Huram,the basins. So Huram,0,2
ASV,Ezra 2:2,112,punctuation,"Rehum, Baanah.The number","Rehum, Baanah. The number",0,9
ASV,Neh 1:1,42,punctuation,of Hacaliah.Now it,of Hacaliah. Now it,0,3
ASV,Neh 5:7,67,glued,"and therulers, and","and the rulers, and",39,7
ASV,Neh 7:7,124,punctuation,"Nehum, Baanah.The number","Nehum, Baanah. The number",0,9
ASV,Neh 7:73,147,punctuation,their cities.And when,their cities. And when,0,3
ASV,Isa 15:1,19,punctuation,of Moab.For in,of Moab. For in,0,3
ASV,Isa 17:1,23,punctuation,"of Damascus.Behold, Damascus","of Damascus. Behold, Damascus",0,9
ASV,Isa 19:1,20,punctuation,"of Egypt.Behold, Jehovah","of Egypt. Behold, Jehovah",0,8
ASV,Isa 21:1,40,punctuation,the sea.As whirlwinds,the sea. As whirlwinds,0,9
ASV,Isa 21:11,20,punctuation,of Dumah.One calleth,of Dumah. One calleth,0,3
ASV,Isa 21:13,23,punctuation,upon Arabia.In the,upon Arabia. In the,0,11
ASV,Isa 22:1,35,punctuation,of vision.What aileth,of vision. What aileth,0,11
ASV,Isa 23:1,19,punctuation,"of Tyre.Howl, ye","of Tyre. Howl, ye",0,9
ASV,Isa 24:16,81,punctuation,the righteous.But I,the righteous. But I,0,4
ASV,Isa 30:6,38,punctuation,the South.Through the,the South. Through the,0,3
ASV,Isa 58:9,90,punctuation,I am.If thou,I am. If thou,0,5
ASV,Isa 59:15,77,punctuation,a prey.And Jehovah,a prey. And Jehovah,0,2
ASV,Jer 3:22,63,punctuation,"your backslidings.Behold, we","your backslidings. Behold, we",0,3
ASV,Jer 49:28,83,punctuation,Babylon smote.Thus saith,Babylon smote. Thus saith,0,2
ASV,Jer 51:64,142,punctuation,be weary.Thus far,be weary. Thus far,0,5
ASV,Jer 52:3,122,punctuation,his presence.And Zedekiah,his presence. And Zedekiah,0,2
ASV,Obad 1:1,22,punctuation,of Obadiah.Thus saith,of Obadiah. Thus saith,0,8
ASV,Zech 12:1,52,punctuation,concerning Israel.Thus saith,concerning Israel. Thus saith,0,3
ASV,Matt 1:6,31,punctuation,the king.And David,the king. And David,0,4
ASV,Mark 3:19,42,punctuation,betrayed him.And he,betrayed him. And he,0,1
ASV,Luke 9:43,51,punctuation,of God.But while,of God. But while,0,5
ASV,Luke 23:56,53,punctuation,and ointments.And on,and ointments. And on,0,1
ASV,John 5:9,71,punctuation,and walked.Now it,and walked. Now it,0,3
ASV,John 18:38,37,punctuation,is truth?And when,is truth? And when,0,7
ASV,Acts 2:36,76,glued,made himboth Lord,made him both Lord,2,1
ASV,Acts 7:2,12,punctuation,"he said,Brethren and","he said, Brethren and",0,2
ASV,Acts 8:1,39,punctuation,his death.And there,his death. And there,0,4
ASV,Acts 9:19,38,punctuation,was strengthened.And he,was strengthened. And he,0,2
ASV,Acts 10:23,37,punctuation,lodged them.And on,lodged them. And on,0,6
ASV,Acts 10:34,36,punctuation,"and said,Of a","and said, Of a",0,5
ASV,Acts 13:16,52,punctuation,"hand said,Men of","hand said, Men of",0,5
ASV,Acts 15:7,76,punctuation,"unto them,Brethren, ye","unto them, Brethren, ye",0,2
ASV,Acts 15:13,60,punctuation,"answered, saying,Brethren, hearken","answered, saying, Brethren, hearken",0,1
ASV,Acts 17:22,56,punctuation,"and said,Ye men","and said, Ye men",0,2
ASV,Acts 17:28,94,punctuation,"have said,For we","have said, For we",0,6
ASV,Acts 20:18,50,punctuation,"unto them,Ye yourselves","unto them, Ye yourselves",0,5
ASV,Acts 24:2,62,punctuation,"him, saying,Seeing that","him, saying, Seeing that",0,5
ASV,Acts 24:10,68,punctuation,"Paul answered,Forasmuch as","Paul answered, Forasmuch as",0,3
ASV,Rom 16:20,64,punctuation,feet shortly.The grace,feet shortly. The grace,0,4
ASV,1 Cor 14:33,48,punctuation,of peace.As in,of peace. As in,0,1
ASV,1 Tim 6:21,54,punctuation,the faith.Grace be,the faith. Grace be,0,9
ASV,Titus 3:15,68,punctuation,in faith.Grace be,in faith. Grace be,0,8
ASV,Heb 2:8,55,punctuation,his feet.For in,his feet. For in,0,7
ASV,1 Pet 1:25,42,punctuation,for ever.And this,for ever. And this,0,5
ASV,1 Pet 5:14,39,punctuation,of love.Peace be,of love. Peace be,0,6
ASV,Rev 13:1,38,punctuation,the sea.And I,the sea. And I,0,3
CPDV,Prov 24:31,98,glued,the stonewall was,the stone wall was,1,11
CPDV,Mark 8:8,68,glued,been leftover from,been left over from,12,2
DRB,Gen 44:4,98,glued,Joseph sendingfor the,Joseph sending for the,3,1
DRB,Ps 7:16,71,glued,shall comedown upon,shall come down upon,66,9
DRB,Isa 1:13,61,glued,abomination tome. The,abomination to me. The,797,7
DRB,Jer 3:25,209,glued,of theLord our,of the Lord our,6733,7
DRB,Jer 5:28,33,glued,fat: andhave most,fat: and have most,303,1
DRB,Jer 23:17,11,glued,say tothem that,say to them that,1053,2
DRB,Jer 23:25,50,glued,that prophesylies in,that prophesy lies in,2,8
DRB,2 Thess 2:16,67,glued,"who hathloved us,","who hath loved us,",16,2
SLT,John 19:38,129,glued,might takeaway the,might take away the,69,9
WBT,3 John 1:14,70,punctuation,to face.Peace be,to face. Peace be,0,8
YLT,Dan 2:39,117,glued,rule overall the,rule over all the,85,10
